observation,frequency,state_std,state_dev,lim_std,lim_dev,tau_std,tau_dev,d,rule,dpos,trial_type,sigma_q_std,sigma_q_dev,sigma_r,ITI,duration_tones,ISI,trial_n,run_n,session_n
-0.5546,630.7398,-0.5552,-0.4522,-0.6000,-0.4999,40,5,2,2,,0,0.0111,0.0300,0.0025,6,0.1000,0.6500,0,0,0
-0.5492,632.4508,-0.5493,-0.4522,-0.6000,-0.4999,40,5,2,2,,0,0.0111,0.0300,0.0025,6,0.1000,0.6500,0,0,0
-0.5647,627.5356,-0.5634,-0.4522,-0.6000,-0.4999,40,5,2,2,,0,0.0111,0.0300,0.0025,6,0.1000,0.6500,0,0,0
-0.5648,627.4781,-0.5644,-0.4522,-0.6000,-0.4999,40,5,2,2,,0,0.0111,0.0300,0.0025,6,0.1000,0.6500,0,0,0
-0.5471,633.1146,-0.5474,-0.4522,-0.6000,-0.4999,40,5,2,2,,0,0.0111,0.0300,0.0026,6,0.1000,0.6500,0,0,0
-0.5416,634.8773,-0.5370,-0.4522,-0.6000,-0.4999,40,5,2,2,,0,0.0111,0.0300,0.0026,6,0.1000,0.6500,0,0,0
-0.5423,634.6566,-0.5407,-0.4522,-0.6000,-0.4999,40,5,2,2,,0,0.0111,0.0300,0.0026,6,0.1000,0.6500,0,0,0
-0.5622,628.3126,-0.5657,-0.4522,-0.6000,-0.4999,40,5,2,2,,0,0.0111,0.0300,0.0026,6,0.1000,0.6500,0,0,0
-0.5633,627.9516,-0.5657,-0.4433,-0.6000,-0.4999,40,5,2,1,4,0,0.0111,0.0300,0.0026,6,0.1000,0.6500,1,0,0
-0.5728,624.9517,-0.5731,-0.4433,-0.6000,-0.4999,40,5,2,1,4,0,0.0111,0.0300,0.0026,6,0.1000,0.6500,1,0,0
-0.5695,625.9838,-0.5726,-0.4433,-0.6000,-0.4999,40,5,2,1,4,0,0.0111,0.0300,0.0027,6,0.1000,0.6500,1,0,0
-0.5668,626.8477,-0.5659,-0.4433,-0.6000,-0.4999,40,5,2,1,4,0,0.0111,0.0300,0.0027,6,0.1000,0.6500,1,0,0
-0.4424,667.1895,-0.5678,-0.4433,-0.6000,-0.4999,40,5,2,1,4,1,0.0111,0.0300,0.0027,6,0.1000,0.6500,1,0,0
-0.5660,627.1173,-0.5715,-0.4433,-0.6000,-0.4999,40,5,2,1,4,0,0.0111,0.0300,0.0027,6,0.1000,0.6500,1,0,0
-0.5572,629.9172,-0.5589,-0.4433,-0.6000,-0.4999,40,5,2,1,4,0,0.0111,0.0300,0.0027,6,0.1000,0.6500,1,0,0
-0.5671,626.7597,-0.5691,-0.4433,-0.6000,-0.4999,40,5,2,1,4,0,0.0111,0.0300,0.0027,6,0.1000,0.6500,1,0,0
-0.5724,625.0761,-0.5691,-0.4506,-0.6000,-0.4999,40,5,2,1,4,0,0.0111,0.0300,0.0028,6,0.1000,0.6500,2,0,0
-0.5903,619.4513,-0.5880,-0.4506,-0.6000,-0.4999,40,5,2,1,4,0,0.0111,0.0300,0.0028,6,0.1000,0.6500,2,0,0
-0.5892,619.7963,-0.5876,-0.4506,-0.6000,-0.4999,40,5,2,1,4,0,0.0111,0.0300,0.0028,6,0.1000,0.6500,2,0,0
-0.6102,613.2021,-0.6104,-0.4506,-0.6000,-0.4999,40,5,2,1,4,0,0.0111,0.0300,0.0028,6,0.1000,0.6500,2,0,0
-0.4485,665.1829,-0.6267,-0.4506,-0.6000,-0.4999,40,5,2,1,4,1,0.0111,0.0300,0.0028,6,0.1000,0.6500,2,0,0
-0.6162,611.3415,-0.6147,-0.4506,-0.6000,-0.4999,40,5,2,1,4,0,0.0111,0.0300,0.0028,6,0.1000,0.6500,2,0,0
-0.6069,614.2320,-0.6133,-0.4506,-0.6000,-0.4999,40,5,2,1,4,0,0.0111,0.0300,0.0028,6,0.1000,0.6500,2,0,0
-0.6154,611.5918,-0.6153,-0.4506,-0.6000,-0.4999,40,5,2,1,4,0,0.0111,0.0300,0.0029,6,0.1000,0.6500,2,0,0
-0.6136,612.1474,-0.6153,-0.4368,-0.6000,-0.4999,40,5,2,1,4,0,0.0111,0.0300,0.0029,6,0.1000,0.6500,3,0,0
-0.6071,614.1800,-0.6097,-0.4368,-0.6000,-0.4999,40,5,2,1,4,0,0.0111,0.0300,0.0029,6,0.1000,0.6500,3,0,0
-0.6317,606.5387,-0.6341,-0.4368,-0.6000,-0.4999,40,5,2,1,4,0,0.0111,0.0300,0.0029,6,0.1000,0.6500,3,0,0
-0.6217,609.6375,-0.6245,-0.4368,-0.6000,-0.4999,40,5,2,1,4,0,0.0111,0.0300,0.0029,6,0.1000,0.6500,3,0,0
-0.4396,668.1456,-0.6399,-0.4368,-0.6000,-0.4999,40,5,2,1,4,1,0.0111,0.0300,0.0029,6,0.1000,0.6500,3,0,0
-0.6457,602.1953,-0.6471,-0.4368,-0.6000,-0.4999,40,5,2,1,4,0,0.0111,0.0300,0.0030,6,0.1000,0.6500,3,0,0
-0.6441,602.7034,-0.6410,-0.4368,-0.6000,-0.4999,40,5,2,1,4,0,0.0111,0.0300,0.0030,6,0.1000,0.6500,3,0,0
-0.6386,604.4098,-0.6356,-0.4368,-0.6000,-0.4999,40,5,2,1,4,0,0.0111,0.0300,0.0030,6,0.1000,0.6500,3,0,0
-0.6359,605.2295,-0.6356,-0.4374,-0.6000,-0.4999,40,5,2,1,6,0,0.0111,0.0300,0.0030,6,0.1000,0.6500,4,0,0
-0.6384,604.4621,-0.6419,-0.4374,-0.6000,-0.4999,40,5,2,1,6,0,0.0111,0.0300,0.0030,6,0.1000,0.6500,4,0,0
-0.6339,605.8565,-0.6314,-0.4374,-0.6000,-0.4999,40,5,2,1,6,0,0.0111,0.0300,0.0030,6,0.1000,0.6500,4,0,0
-0.6373,604.7924,-0.6328,-0.4374,-0.6000,-0.4999,40,5,2,1,6,0,0.0111,0.0300,0.0030,6,0.1000,0.6500,4,0,0
-0.6257,608.3813,-0.6262,-0.4374,-0.6000,-0.4999,40,5,2,1,6,0,0.0111,0.0300,0.0031,6,0.1000,0.6500,4,0,0
-0.6307,606.8472,-0.6313,-0.4374,-0.6000,-0.4999,40,5,2,1,6,0,0.0111,0.0300,0.0031,6,0.1000,0.6500,4,0,0
-0.4324,670.5339,-0.6268,-0.4374,-0.6000,-0.4999,40,5,2,1,6,1,0.0111,0.0300,0.0031,6,0.1000,0.6500,4,0,0
-0.6266,608.1204,-0.6325,-0.4374,-0.6000,-0.4999,40,5,2,1,6,0,0.0111,0.0300,0.0031,6,0.1000,0.6500,4,0,0
-0.6258,608.3427,-0.6325,-0.4231,-0.6000,-0.4999,40,5,2,0,2,0,0.0111,0.0300,0.0031,6,0.1000,0.6500,5,0,0
-0.6386,604.4019,-0.6413,-0.4231,-0.6000,-0.4999,40,5,2,0,2,0,0.0111,0.0300,0.0031,6,0.1000,0.6500,5,0,0
-0.4195,674.8501,-0.6337,-0.4231,-0.6000,-0.4999,40,5,2,0,2,1,0.0111,0.0300,0.0032,6,0.1000,0.6500,5,0,0
-0.6182,610.7159,-0.6225,-0.4231,-0.6000,-0.4999,40,5,2,0,2,0,0.0111,0.0300,0.0032,6,0.1000,0.6500,5,0,0
-0.6072,614.1475,-0.6049,-0.4231,-0.6000,-0.4999,40,5,2,0,2,0,0.0111,0.0300,0.0032,6,0.1000,0.6500,5,0,0
-0.6154,611.5873,-0.6156,-0.4231,-0.6000,-0.4999,40,5,2,0,2,0,0.0111,0.0300,0.0032,6,0.1000,0.6500,5,0,0
-0.6413,603.5619,-0.6335,-0.4231,-0.6000,-0.4999,40,5,2,0,2,0,0.0111,0.0300,0.0032,6,0.1000,0.6500,5,0,0
-0.6359,605.2206,-0.6382,-0.4231,-0.6000,-0.4999,40,5,2,0,2,0,0.0111,0.0300,0.0032,6,0.1000,0.6500,5,0,0
-0.6417,603.4333,-0.6382,-0.3988,-0.6000,-0.4999,40,5,2,0,4,0,0.0111,0.0300,0.0033,6,0.1000,0.6500,6,0,0
-0.6340,605.8100,-0.6343,-0.3988,-0.6000,-0.4999,40,5,2,0,4,0,0.0111,0.0300,0.0033,6,0.1000,0.6500,6,0,0
-0.6356,605.3226,-0.6287,-0.3988,-0.6000,-0.4999,40,5,2,0,4,0,0.0111,0.0300,0.0033,6,0.1000,0.6500,6,0,0
-0.6259,608.3224,-0.6240,-0.3988,-0.6000,-0.4999,40,5,2,0,4,0,0.0111,0.0300,0.0033,6,0.1000,0.6500,6,0,0
-0.3969,682.4266,-0.6383,-0.3988,-0.6000,-0.4999,40,5,2,0,4,1,0.0111,0.0300,0.0033,6,0.1000,0.6500,6,0,0
-0.6363,605.1110,-0.6359,-0.3988,-0.6000,-0.4999,40,5,2,0,4,0,0.0111,0.0300,0.0033,6,0.1000,0.6500,6,0,0
-0.6331,606.1064,-0.6296,-0.3988,-0.6000,-0.4999,40,5,2,0,4,0,0.0111,0.0300,0.0033,6,0.1000,0.6500,6,0,0
-0.6341,605.8019,-0.6369,-0.3988,-0.6000,-0.4999,40,5,2,0,4,0,0.0111,0.0300,0.0034,6,0.1000,0.6500,6,0,0
-0.6372,604.8379,-0.6369,-0.4230,-0.6000,-0.4999,40,5,2,2,,0,0.0111,0.0300,0.0034,6,0.1000,0.6500,7,0,0
-0.6498,600.9497,-0.6482,-0.4230,-0.6000,-0.4999,40,5,2,2,,0,0.0111,0.0300,0.0034,6,0.1000,0.6500,7,0,0
-0.6357,605.3052,-0.6387,-0.4230,-0.6000,-0.4999,40,5,2,2,,0,0.0111,0.0300,0.0034,6,0.1000,0.6500,7,0,0
-0.6336,605.9477,-0.6288,-0.4230,-0.6000,-0.4999,40,5,2,2,,0,0.0111,0.0300,0.0034,6,0.1000,0.6500,7,0,0
-0.6059,614.5434,-0.6097,-0.4230,-0.6000,-0.4999,40,5,2,2,,0,0.0111,0.0300,0.0034,6,0.1000,0.6500,7,0,0
-0.5977,617.1111,-0.6002,-0.4230,-0.6000,-0.4999,40,5,2,2,,0,0.0111,0.0300,0.0035,6,0.1000,0.6500,7,0,0
-0.5955,617.8141,-0.5981,-0.4230,-0.6000,-0.4999,40,5,2,2,,0,0.0111,0.0300,0.0035,6,0.1000,0.6500,7,0,0
-0.6004,616.2691,-0.6028,-0.4230,-0.6000,-0.4999,40,5,2,2,,0,0.0111,0.0300,0.0035,6,0.1000,0.6500,7,0,0
-0.6014,615.9623,-0.6028,-0.4839,-0.6000,-0.4999,40,5,2,1,5,0,0.0111,0.0300,0.0035,6,0.1000,0.6500,8,0,0
-0.6147,611.8006,-0.6183,-0.4839,-0.6000,-0.4999,40,5,2,1,5,0,0.0111,0.0300,0.0035,6,0.1000,0.6500,8,0,0
-0.6107,613.0680,-0.6074,-0.4839,-0.6000,-0.4999,40,5,2,1,5,0,0.0111,0.0300,0.0035,6,0.1000,0.6500,8,0,0
-0.6107,613.0682,-0.6094,-0.4839,-0.6000,-0.4999,40,5,2,1,5,0,0.0111,0.0300,0.0035,6,0.1000,0.6500,8,0,0
-0.6291,607.3415,-0.6355,-0.4839,-0.6000,-0.4999,40,5,2,1,5,0,0.0111,0.0300,0.0036,6,0.1000,0.6500,8,0,0
-0.4854,653.0580,-0.6298,-0.4839,-0.6000,-0.4999,40,5,2,1,5,1,0.0111,0.0300,0.0036,6,0.1000,0.6500,8,0,0
-0.6308,606.8082,-0.6316,-0.4839,-0.6000,-0.4999,40,5,2,1,5,0,0.0111,0.0300,0.0036,6,0.1000,0.6500,8,0,0
-0.6229,609.2496,-0.6175,-0.4839,-0.6000,-0.4999,40,5,2,1,5,0,0.0111,0.0300,0.0036,6,0.1000,0.6500,8,0,0
-0.6201,610.1307,-0.6175,-0.4860,-0.6000,-0.4999,40,5,2,1,4,0,0.0111,0.0300,0.0036,6,0.1000,0.6500,9,0,0
-0.6103,613.1750,-0.6130,-0.4860,-0.6000,-0.4999,40,5,2,1,4,0,0.0111,0.0300,0.0036,6,0.1000,0.6500,9,0,0
-0.6070,614.1939,-0.6017,-0.4860,-0.6000,-0.4999,40,5,2,1,4,0,0.0111,0.0300,0.0037,6,0.1000,0.6500,9,0,0
-0.5979,617.0462,-0.6006,-0.4860,-0.6000,-0.4999,40,5,2,1,4,0,0.0111,0.0300,0.0037,6,0.1000,0.6500,9,0,0
-0.4941,650.2255,-0.6114,-0.4860,-0.6000,-0.4999,40,5,2,1,4,1,0.0111,0.0300,0.0037,6,0.1000,0.6500,9,0,0
-0.6232,609.1537,-0.6275,-0.4860,-0.6000,-0.4999,40,5,2,1,4,0,0.0111,0.0300,0.0037,6,0.1000,0.6500,9,0,0
-0.6371,604.8513,-0.6327,-0.4860,-0.6000,-0.4999,40,5,2,1,4,0,0.0111,0.0300,0.0037,6,0.1000,0.6500,9,0,0
-0.6406,603.7940,-0.6362,-0.4860,-0.6000,-0.4999,40,5,2,1,4,0,0.0111,0.0300,0.0037,6,0.1000,0.6500,9,0,0
-0.6389,604.3094,-0.6362,-0.4317,-0.6000,-0.4999,40,5,2,0,4,0,0.0111,0.0300,0.0038,6,0.1000,0.6500,10,0,0
-0.6343,605.7364,-0.6367,-0.4317,-0.6000,-0.4999,40,5,2,0,4,0,0.0111,0.0300,0.0038,6,0.1000,0.6500,10,0,0
-0.6371,604.8492,-0.6400,-0.4317,-0.6000,-0.4999,40,5,2,0,4,0,0.0111,0.0300,0.0038,6,0.1000,0.6500,10,0,0
-0.6270,607.9950,-0.6278,-0.4317,-0.6000,-0.4999,40,5,2,0,4,0,0.0111,0.0300,0.0038,6,0.1000,0.6500,10,0,0
-0.4245,673.1649,-0.6266,-0.4317,-0.6000,-0.4999,40,5,2,0,4,1,0.0111,0.0300,0.0038,6,0.1000,0.6500,10,0,0
-0.5978,617.0912,-0.6066,-0.4317,-0.6000,-0.4999,40,5,2,0,4,0,0.0111,0.0300,0.0038,6,0.1000,0.6500,10,0,0
-0.6070,614.1957,-0.6065,-0.4317,-0.6000,-0.4999,40,5,2,0,4,0,0.0111,0.0300,0.0038,6,0.1000,0.6500,10,0,0
-0.6174,610.9566,-0.6205,-0.4317,-0.6000,-0.4999,40,5,2,0,4,0,0.0111,0.0300,0.0039,6,0.1000,0.6500,10,0,0
-0.6186,610.6077,-0.6205,-0.4170,-0.6000,-0.4999,40,5,2,0,4,0,0.0111,0.0300,0.0039,6,0.1000,0.6500,11,0,0
-0.6073,614.1104,-0.6124,-0.4170,-0.6000,-0.4999,40,5,2,0,4,0,0.0111,0.0300,0.0039,6,0.1000,0.6500,11,0,0
-0.6140,612.0346,-0.6095,-0.4170,-0.6000,-0.4999,40,5,2,0,4,0,0.0111,0.0300,0.0039,6,0.1000,0.6500,11,0,0
-0.6166,611.2127,-0.6187,-0.4170,-0.6000,-0.4999,40,5,2,0,4,0,0.0111,0.0300,0.0039,6,0.1000,0.6500,11,0,0
-0.4133,676.9268,-0.6166,-0.4170,-0.6000,-0.4999,40,5,2,0,4,1,0.0111,0.0300,0.0039,6,0.1000,0.6500,11,0,0
-0.6324,606.3175,-0.6299,-0.4170,-0.6000,-0.4999,40,5,2,0,4,0,0.0111,0.0300,0.0040,6,0.1000,0.6500,11,0,0
-0.6265,608.1429,-0.6216,-0.4170,-0.6000,-0.4999,40,5,2,0,4,0,0.0111,0.0300,0.0040,6,0.1000,0.6500,11,0,0
-0.6077,613.9751,-0.6105,-0.4170,-0.6000,-0.4999,40,5,2,0,4,0,0.0111,0.0300,0.0040,6,0.1000,0.6500,11,0,0
-0.6183,610.6717,-0.6105,-0.3933,-0.6000,-0.4999,40,5,2,1,5,0,0.0111,0.0300,0.0040,6,0.1000,0.6500,12,0,0
-0.6168,611.1488,-0.6120,-0.3933,-0.6000,-0.4999,40,5,2,1,5,0,0.0111,0.0300,0.0040,6,0.1000,0.6500,12,0,0
-0.6111,612.9245,-0.6115,-0.3933,-0.6000,-0.4999,40,5,2,1,5,0,0.0111,0.0300,0.0040,6,0.1000,0.6500,12,0,0
-0.6124,612.5213,-0.6143,-0.3933,-0.6000,-0.4999,40,5,2,1,5,0,0.0111,0.0300,0.0041,6,0.1000,0.6500,12,0,0
-0.6195,610.3183,-0.6164,-0.3933,-0.6000,-0.4999,40,5,2,1,5,0,0.0111,0.0300,0.0041,6,0.1000,0.6500,12,0,0
-0.3896,684.8892,-0.6210,-0.3933,-0.6000,-0.4999,40,5,2,1,5,1,0.0111,0.0300,0.0041,6,0.1000,0.6500,12,0,0
-0.6366,605.0046,-0.6350,-0.3933,-0.6000,-0.4999,40,5,2,1,5,0,0.0111,0.0300,0.0041,6,0.1000,0.6500,12,0,0
-0.6373,604.8028,-0.6366,-0.3933,-0.6000,-0.4999,40,5,2,1,5,0,0.0111,0.0300,0.0041,6,0.1000,0.6500,12,0,0
-0.6464,601.9848,-0.6366,-0.3979,-0.6000,-0.4999,40,5,2,1,5,0,0.0111,0.0300,0.0041,6,0.1000,0.6500,13,0,0
-0.6332,606.0716,-0.6293,-0.3979,-0.6000,-0.4999,40,5,2,1,5,0,0.0111,0.0300,0.0041,6,0.1000,0.6500,13,0,0
-0.6209,609.8869,-0.6260,-0.3979,-0.6000,-0.4999,40,5,2,1,5,0,0.0111,0.0300,0.0042,6,0.1000,0.6500,13,0,0
-0.6177,610.8717,-0.6183,-0.3979,-0.6000,-0.4999,40,5,2,1,5,0,0.0111,0.0300,0.0042,6,0.1000,0.6500,13,0,0
-0.6132,612.2710,-0.6183,-0.3979,-0.6000,-0.4999,40,5,2,1,5,0,0.0111,0.0300,0.0042,6,0.1000,0.6500,13,0,0
-0.4023,680.6068,-0.6010,-0.3979,-0.6000,-0.4999,40,5,2,1,5,1,0.0111,0.0300,0.0042,6,0.1000,0.6500,13,0,0
-0.5893,619.7471,-0.5875,-0.3979,-0.6000,-0.4999,40,5,2,1,5,0,0.0111,0.0300,0.0042,6,0.1000,0.6500,13,0,0
-0.6040,615.1438,-0.6039,-0.3979,-0.6000,-0.4999,40,5,2,1,5,0,0.0111,0.0300,0.0042,6,0.1000,0.6500,13,0,0
-0.6041,615.1114,-0.6039,-0.4083,-0.6000,-0.4999,40,5,2,1,6,0,0.0111,0.0300,0.0043,6,0.1000,0.6500,14,0,0
-0.6202,610.0854,-0.6202,-0.4083,-0.6000,-0.4999,40,5,2,1,6,0,0.0111,0.0300,0.0043,6,0.1000,0.6500,14,0,0
-0.6093,613.4799,-0.6105,-0.4083,-0.6000,-0.4999,40,5,2,1,6,0,0.0111,0.0300,0.0043,6,0.1000,0.6500,14,0,0
-0.6388,604.3318,-0.6327,-0.4083,-0.6000,-0.4999,40,5,2,1,6,0,0.0111,0.0300,0.0043,6,0.1000,0.6500,14,0,0
-0.6482,601.4441,-0.6445,-0.4083,-0.6000,-0.4999,40,5,2,1,6,0,0.0111,0.0300,0.0043,6,0.1000,0.6500,14,0,0
-0.6366,605.0051,-0.6414,-0.4083,-0.6000,-0.4999,40,5,2,1,6,0,0.0111,0.0300,0.0043,6,0.1000,0.6500,14,0,0
-0.4111,677.6654,-0.6522,-0.4083,-0.6000,-0.4999,40,5,2,1,6,1,0.0111,0.0300,0.0043,6,0.1000,0.6500,14,0,0
-0.6566,598.8508,-0.6596,-0.4083,-0.6000,-0.4999,40,5,2,1,6,0,0.0111,0.0300,0.0044,6,0.1000,0.6500,14,0,0
-0.6594,597.9982,-0.6596,-0.4503,-0.6000,-0.4999,40,5,2,1,5,0,0.0111,0.0300,0.0044,6,0.1000,0.6500,15,0,0
-0.6467,601.8997,-0.6452,-0.4503,-0.6000,-0.4999,40,5,2,1,5,0,0.0111,0.0300,0.0044,6,0.1000,0.6500,15,0,0
-0.6420,603.3383,-0.6449,-0.4503,-0.6000,-0.4999,40,5,2,1,5,0,0.0111,0.0300,0.0044,6,0.1000,0.6500,15,0,0
-0.6437,602.8205,-0.6402,-0.4503,-0.6000,-0.4999,40,5,2,1,5,0,0.0111,0.0300,0.0044,6,0.1000,0.6500,15,0,0
-0.6492,601.1453,-0.6475,-0.4503,-0.6000,-0.4999,40,5,2,1,5,0,0.0111,0.0300,0.0044,6,0.1000,0.6500,15,0,0
-0.4524,663.9016,-0.6484,-0.4503,-0.6000,-0.4999,40,5,2,1,5,1,0.0111,0.0300,0.0045,6,0.1000,0.6500,15,0,0
-0.6428,603.0933,-0.6383,-0.4503,-0.6000,-0.4999,40,5,2,1,5,0,0.0111,0.0300,0.0045,6,0.1000,0.6500,15,0,0
-0.6196,610.2900,-0.6236,-0.4503,-0.6000,-0.4999,40,5,2,1,5,0,0.0111,0.0300,0.0045,6,0.1000,0.6500,15,0,0
-0.6260,608.2887,-0.6236,-0.4401,-0.6000,-0.4999,40,5,2,1,6,0,0.0111,0.0300,0.0045,6,0.1000,0.6500,16,0,0
-0.6428,603.1065,-0.6378,-0.4401,-0.6000,-0.4999,40,5,2,1,6,0,0.0111,0.0300,0.0045,6,0.1000,0.6500,16,0,0
-0.6302,606.9823,-0.6334,-0.4401,-0.6000,-0.4999,40,5,2,1,6,0,0.0111,0.0300,0.0045,6,0.1000,0.6500,16,0,0
-0.6317,606.5242,-0.6374,-0.4401,-0.6000,-0.4999,40,5,2,1,6,0,0.0111,0.0300,0.0046,6,0.1000,0.6500,16,0,0
-0.6414,603.5468,-0.6387,-0.4401,-0.6000,-0.4999,40,5,2,1,6,0,0.0111,0.0300,0.0046,6,0.1000,0.6500,16,0,0
-0.6188,610.5248,-0.6232,-0.4401,-0.6000,-0.4999,40,5,2,1,6,0,0.0111,0.0300,0.0046,6,0.1000,0.6500,16,0,0
-0.4377,668.7622,-0.6267,-0.4401,-0.6000,-0.4999,40,5,2,1,6,1,0.0111,0.0300,0.0046,6,0.1000,0.6500,16,0,0
-0.6173,611.0066,-0.6190,-0.4401,-0.6000,-0.4999,40,5,2,1,6,0,0.0111,0.0300,0.0046,6,0.1000,0.6500,16,0,0
-0.6194,610.3290,-0.6190,-0.4713,-0.6000,-0.4999,40,5,2,1,5,0,0.0111,0.0300,0.0046,6,0.1000,0.6500,17,0,0
-0.6096,613.4073,-0.6079,-0.4713,-0.6000,-0.4999,40,5,2,1,5,0,0.0111,0.0300,0.0046,6,0.1000,0.6500,17,0,0
-0.6137,612.1045,-0.6109,-0.4713,-0.6000,-0.4999,40,5,2,1,5,0,0.0111,0.0300,0.0047,6,0.1000,0.6500,17,0,0
-0.6006,616.2224,-0.6023,-0.4713,-0.6000,-0.4999,40,5,2,1,5,0,0.0111,0.0300,0.0047,6,0.1000,0.6500,17,0,0
-0.5848,621.1692,-0.5885,-0.4713,-0.6000,-0.4999,40,5,2,1,5,0,0.0111,0.0300,0.0047,6,0.1000,0.6500,17,0,0
-0.4653,659.6232,-0.5781,-0.4713,-0.6000,-0.4999,40,5,2,1,5,1,0.0111,0.0300,0.0047,6,0.1000,0.6500,17,0,0
-0.5807,622.4588,-0.5820,-0.4713,-0.6000,-0.4999,40,5,2,1,5,0,0.0111,0.0300,0.0047,6,0.1000,0.6500,17,0,0
-0.5831,621.6912,-0.5822,-0.4713,-0.6000,-0.4999,40,5,2,1,5,0,0.0111,0.0300,0.0047,6,0.1000,0.6500,17,0,0
-0.5800,622.6822,-0.5822,-0.4916,-0.6000,-0.4999,40,5,2,1,6,0,0.0111,0.0300,0.0048,6,0.1000,0.6500,18,0,0
-0.5884,620.0294,-0.5821,-0.4916,-0.6000,-0.4999,40,5,2,1,6,0,0.0111,0.0300,0.0048,6,0.1000,0.6500,18,0,0
-0.5843,621.3243,-0.5878,-0.4916,-0.6000,-0.4999,40,5,2,1,6,0,0.0111,0.0300,0.0048,6,0.1000,0.6500,18,0,0
-0.5886,619.9716,-0.5822,-0.4916,-0.6000,-0.4999,40,5,2,1,6,0,0.0111,0.0300,0.0048,6,0.1000,0.6500,18,0,0
-0.5761,623.9000,-0.5791,-0.4916,-0.6000,-0.4999,40,5,2,1,6,0,0.0111,0.0300,0.0048,6,0.1000,0.6500,18,0,0
-0.5699,625.8653,-0.5759,-0.4916,-0.6000,-0.4999,40,5,2,1,6,0,0.0111,0.0300,0.0048,6,0.1000,0.6500,18,0,0
-0.4943,650.1391,-0.5589,-0.4916,-0.6000,-0.4999,40,5,2,1,6,1,0.0111,0.0300,0.0048,6,0.1000,0.6500,18,0,0
-0.5472,633.0815,-0.5517,-0.4916,-0.6000,-0.4999,40,5,2,1,6,0,0.0111,0.0300,0.0049,6,0.1000,0.6500,18,0,0
-0.5457,633.5662,-0.5517,-0.4990,-0.6000,-0.4999,40,5,2,0,2,0,0.0111,0.0300,0.0049,6,0.1000,0.6500,19,0,0
-0.5520,631.5678,-0.5524,-0.4990,-0.6000,-0.4999,40,5,2,0,2,0,0.0111,0.0300,0.0049,6,0.1000,0.6500,19,0,0
-0.4951,649.8857,-0.5426,-0.4990,-0.6000,-0.4999,40,5,2,0,2,1,0.0111,0.0300,0.0049,6,0.1000,0.6500,19,0,0
-0.5448,633.8405,-0.5498,-0.4990,-0.6000,-0.4999,40,5,2,0,2,0,0.0111,0.0300,0.0049,6,0.1000,0.6500,19,0,0
-0.5453,633.7057,-0.5485,-0.4990,-0.6000,-0.4999,40,5,2,0,2,0,0.0111,0.0300,0.0049,6,0.1000,0.6500,19,0,0
-0.5544,630.7879,-0.5500,-0.4990,-0.6000,-0.4999,40,5,2,0,2,0,0.0111,0.0300,0.0050,6,0.1000,0.6500,19,0,0
-0.5527,631.3214,-0.5603,-0.4990,-0.6000,-0.4999,40,5,2,0,2,0,0.0111,0.0300,0.0050,6,0.1000,0.6500,19,0,0
-0.5633,627.9522,-0.5667,-0.4990,-0.6000,-0.4999,40,5,2,0,2,0,0.0111,0.0300,0.0050,6,0.1000,0.6500,19,0,0
-0.5657,627.2135,-0.5667,-0.5267,-0.6000,-0.4999,40,5,2,0,2,0,0.0111,0.0300,0.0050,6,0.1000,0.6500,20,0,0
-0.5521,631.5240,-0.5602,-0.5267,-0.6000,-0.4999,40,5,2,0,2,0,0.0111,0.0300,0.0050,6,0.1000,0.6500,20,0,0
-0.5279,639.2581,-0.5838,-0.5267,-0.6000,-0.4999,40,5,2,0,2,1,0.0111,0.0300,0.0050,6,0.1000,0.6500,20,0,0
-0.5995,616.5409,-0.5903,-0.5267,-0.6000,-0.4999,40,5,2,0,2,0,0.0111,0.0300,0.0051,6,0.1000,0.6500,20,0,0
-0.5897,619.6142,-0.5840,-0.5267,-0.6000,-0.4999,40,5,2,0,2,0,0.0111,0.0300,0.0051,6,0.1000,0.6500,20,0,0
-0.5811,622.3434,-0.5788,-0.5267,-0.6000,-0.4999,40,5,2,0,2,0,0.0111,0.0300,0.0051,6,0.1000,0.6500,20,0,0
-0.5783,623.2230,-0.5767,-0.5267,-0.6000,-0.4999,40,5,2,0,2,0,0.0111,0.0300,0.0051,6,0.1000,0.6500,20,0,0
-0.5897,619.6153,-0.5837,-0.5267,-0.6000,-0.4999,40,5,2,0,2,0,0.0111,0.0300,0.0051,6,0.1000,0.6500,20,0,0
-0.5882,620.1120,-0.5837,-0.5150,-0.6000,-0.4999,40,5,2,0,2,0,0.0111,0.0300,0.0051,6,0.1000,0.6500,21,0,0
-0.5789,623.0410,-0.5758,-0.5150,-0.6000,-0.4999,40,5,2,0,2,0,0.0111,0.0300,0.0051,6,0.1000,0.6500,21,0,0
-0.5121,644.3736,-0.5578,-0.5150,-0.6000,-0.4999,40,5,2,0,2,1,0.0111,0.0300,0.0052,6,0.1000,0.6500,21,0,0
-0.5578,629.7166,-0.5604,-0.5150,-0.6000,-0.4999,40,5,2,0,2,0,0.0111,0.0300,0.0052,6,0.1000,0.6500,21,0,0
-0.5584,629.5284,-0.5576,-0.5150,-0.6000,-0.4999,40,5,2,0,2,0,0.0111,0.0300,0.0052,6,0.1000,0.6500,21,0,0
-0.5680,626.4888,-0.5693,-0.5150,-0.6000,-0.4999,40,5,2,0,2,0,0.0111,0.0300,0.0052,6,0.1000,0.6500,21,0,0
-0.5798,622.7521,-0.5743,-0.5150,-0.6000,-0.4999,40,5,2,0,2,0,0.0111,0.0300,0.0052,6,0.1000,0.6500,21,0,0
-0.5671,626.7643,-0.5774,-0.5150,-0.6000,-0.4999,40,5,2,0,2,0,0.0111,0.0300,0.0052,6,0.1000,0.6500,21,0,0
-0.5747,624.3466,-0.5774,-0.4353,-0.6000,-0.4999,40,5,2,0,3,0,0.0111,0.0300,0.0053,6,0.1000,0.6500,22,0,0
-0.5899,619.5627,-0.5934,-0.4353,-0.6000,-0.4999,40,5,2,0,3,0,0.0111,0.0300,0.0053,6,0.1000,0.6500,22,0,0
-0.5745,624.4255,-0.5763,-0.4353,-0.6000,-0.4999,40,5,2,0,3,0,0.0111,0.0300,0.0053,6,0.1000,0.6500,22,0,0
-0.4443,666.5754,-0.5698,-0.4353,-0.6000,-0.4999,40,5,2,0,3,1,0.0111,0.0300,0.0053,6,0.1000,0.6500,22,0,0
-0.5656,627.2504,-0.5623,-0.4353,-0.6000,-0.4999,40,5,2,0,3,0,0.0111,0.0300,0.0053,6,0.1000,0.6500,22,0,0
-0.5748,624.3330,-0.5641,-0.4353,-0.6000,-0.4999,40,5,2,0,3,0,0.0111,0.0300,0.0053,6,0.1000,0.6500,22,0,0
-0.5670,626.7962,-0.5644,-0.4353,-0.6000,-0.4999,40,5,2,0,3,0,0.0111,0.0300,0.0053,6,0.1000,0.6500,22,0,0
-0.5595,629.1603,-0.5627,-0.4353,-0.6000,-0.4999,40,5,2,0,3,0,0.0111,0.0300,0.0054,6,0.1000,0.6500,22,0,0
-0.5599,629.0518,-0.5627,-0.4699,-0.6000,-0.4999,40,5,2,0,4,0,0.0111,0.0300,0.0054,6,0.1000,0.6500,23,0,0
-0.5693,626.0636,-0.5679,-0.4699,-0.6000,-0.4999,40,5,2,0,4,0,0.0111,0.0300,0.0054,6,0.1000,0.6500,23,0,0
-0.5576,629.7881,-0.5648,-0.4699,-0.6000,-0.4999,40,5,2,0,4,0,0.0111,0.0300,0.0054,6,0.1000,0.6500,23,0,0
-0.5478,632.8859,-0.5586,-0.4699,-0.6000,-0.4999,40,5,2,0,4,0,0.0111,0.0300,0.0054,6,0.1000,0.6500,23,0,0
-0.4712,657.6940,-0.5525,-0.4699,-0.6000,-0.4999,40,5,2,0,4,1,0.0111,0.0300,0.0054,6,0.1000,0.6500,23,0,0
-0.5701,625.8103,-0.5686,-0.4699,-0.6000,-0.4999,40,5,2,0,4,0,0.0111,0.0300,0.0055,6,0.1000,0.6500,23,0,0
-0.5852,621.0298,-0.5892,-0.4699,-0.6000,-0.4999,40,5,2,0,4,0,0.0111,0.0300,0.0055,6,0.1000,0.6500,23,0,0
-0.5770,623.6323,-0.5699,-0.4699,-0.6000,-0.4999,40,5,2,0,4,0,0.0111,0.0300,0.0055,6,0.1000,0.6500,23,0,0
-0.5787,623.1057,-0.5699,-0.5002,-0.6000,-0.4999,40,5,2,0,4,0,0.0111,0.0300,0.0055,6,0.1000,0.6500,24,0,0
-0.5462,633.4129,-0.5474,-0.5002,-0.6000,-0.4999,40,5,2,0,4,0,0.0111,0.0300,0.0055,6,0.1000,0.6500,24,0,0
-0.5290,638.9188,-0.5231,-0.5002,-0.6000,-0.4999,40,5,2,0,4,0,0.0111,0.0300,0.0055,6,0.1000,0.6500,24,0,0
-0.5389,635.7333,-0.5339,-0.5002,-0.6000,-0.4999,40,5,2,0,4,0,0.0111,0.0300,0.0056,6,0.1000,0.6500,24,0,0
-0.5043,646.8862,-0.5356,-0.5002,-0.6000,-0.4999,40,5,2,0,4,1,0.0111,0.0300,0.0056,6,0.1000,0.6500,24,0,0
-0.5259,639.9154,-0.5249,-0.5002,-0.6000,-0.4999,40,5,2,0,4,0,0.0111,0.0300,0.0056,6,0.1000,0.6500,24,0,0
-0.5309,638.3119,-0.5372,-0.5002,-0.6000,-0.4999,40,5,2,0,4,0,0.0111,0.0300,0.0056,6,0.1000,0.6500,24,0,0
-0.5179,642.5053,-0.5279,-0.5002,-0.6000,-0.4999,40,5,2,0,4,0,0.0111,0.0300,0.0056,6,0.1000,0.6500,24,0,0
-0.5237,640.6170,-0.5279,-0.4949,-0.6000,-0.4999,40,5,2,0,2,0,0.0111,0.0300,0.0056,6,0.1000,0.6500,25,0,0
-0.5278,639.2907,-0.5319,-0.4949,-0.6000,-0.4999,40,5,2,0,2,0,0.0111,0.0300,0.0056,6,0.1000,0.6500,25,0,0
-0.4905,651.3923,-0.5290,-0.4949,-0.6000,-0.4999,40,5,2,0,2,1,0.0111,0.0300,0.0057,6,0.1000,0.6500,25,0,0
-0.5205,641.6584,-0.5211,-0.4949,-0.6000,-0.4999,40,5,2,0,2,0,0.0111,0.0300,0.0057,6,0.1000,0.6500,25,0,0
-0.5252,640.1575,-0.5206,-0.4949,-0.6000,-0.4999,40,5,2,0,2,0,0.0111,0.0300,0.0057,6,0.1000,0.6500,25,0,0
-0.5240,640.5351,-0.5273,-0.4949,-0.6000,-0.4999,40,5,2,0,2,0,0.0111,0.0300,0.0057,6,0.1000,0.6500,25,0,0
-0.5380,636.0410,-0.5327,-0.4949,-0.6000,-0.4999,40,5,2,0,2,0,0.0111,0.0300,0.0057,6,0.1000,0.6500,25,0,0
-0.5256,640.0171,-0.5304,-0.4949,-0.6000,-0.4999,40,5,2,0,2,0,0.0111,0.0300,0.0057,6,0.1000,0.6500,25,0,0
-0.5288,638.9750,-0.5304,-0.4287,-0.6000,-0.4999,40,5,2,0,3,0,0.0111,0.0300,0.0058,6,0.1000,0.6500,26,0,0
-0.5487,632.6157,-0.5463,-0.4287,-0.6000,-0.4999,40,5,2,0,3,0,0.0111,0.0300,0.0058,6,0.1000,0.6500,26,0,0
-0.5627,628.1593,-0.5636,-0.4287,-0.6000,-0.4999,40,5,2,0,3,0,0.0111,0.0300,0.0058,6,0.1000,0.6500,26,0,0
-0.4328,670.4060,-0.5592,-0.4287,-0.6000,-0.4999,40,5,2,0,3,1,0.0111,0.0300,0.0058,6,0.1000,0.6500,26,0,0
-0.5699,625.8788,-0.5585,-0.4287,-0.6000,-0.4999,40,5,2,0,3,0,0.0111,0.0300,0.0058,6,0.1000,0.6500,26,0,0
-0.5690,626.1534,-0.5705,-0.4287,-0.6000,-0.4999,40,5,2,0,3,0,0.0111,0.0300,0.0058,6,0.1000,0.6500,26,0,0
-0.5731,624.8726,-0.5712,-0.4287,-0.6000,-0.4999,40,5,2,0,3,0,0.0111,0.0300,0.0059,6,0.1000,0.6500,26,0,0
-0.5651,627.3909,-0.5664,-0.4287,-0.6000,-0.4999,40,5,2,0,3,0,0.0111,0.0300,0.0059,6,0.1000,0.6500,26,0,0
-0.5698,625.9186,-0.5664,-0.4027,-0.6000,-0.4999,40,5,2,0,2,0,0.0111,0.0300,0.0059,6,0.1000,0.6500,27,0,0
-0.5653,627.3387,-0.5605,-0.4027,-0.6000,-0.4999,40,5,2,0,2,0,0.0111,0.0300,0.0059,6,0.1000,0.6500,27,0,0
-0.4113,677.5914,-0.5713,-0.4027,-0.6000,-0.4999,40,5,2,0,2,1,0.0111,0.0300,0.0059,6,0.1000,0.6500,27,0,0
-0.5861,620.7487,-0.5800,-0.4027,-0.6000,-0.4999,40,5,2,0,2,0,0.0111,0.0300,0.0059,6,0.1000,0.6500,27,0,0
-0.5843,621.3265,-0.5962,-0.4027,-0.6000,-0.4999,40,5,2,0,2,0,0.0111,0.0300,0.0059,6,0.1000,0.6500,27,0,0
-0.5894,619.7318,-0.5804,-0.4027,-0.6000,-0.4999,40,5,2,0,2,0,0.0111,0.0300,0.0060,6,0.1000,0.6500,27,0,0
-0.5763,623.8527,-0.5792,-0.4027,-0.6000,-0.4999,40,5,2,0,2,0,0.0111,0.0300,0.0060,6,0.1000,0.6500,27,0,0
-0.5860,620.7950,-0.5796,-0.4027,-0.6000,-0.4999,40,5,2,0,2,0,0.0111,0.0300,0.0060,6,0.1000,0.6500,27,0,0
-0.5771,623.5808,-0.5796,-0.3618,-0.6000,-0.4999,40,5,2,0,2,0,0.0111,0.0300,0.0060,6,0.1000,0.6500,28,0,0
-0.5828,621.8057,-0.5842,-0.3618,-0.6000,-0.4999,40,5,2,0,2,0,0.0111,0.0300,0.0060,6,0.1000,0.6500,28,0,0
-0.3593,695.2277,-0.6077,-0.3618,-0.6000,-0.4999,40,5,2,0,2,1,0.0111,0.0300,0.0060,6,0.1000,0.6500,28,0,0
-0.5889,619.8920,-0.5842,-0.3618,-0.6000,-0.4999,40,5,2,0,2,0,0.0111,0.0300,0.0061,6,0.1000,0.6500,28,0,0
-0.5978,617.0988,-0.5911,-0.3618,-0.6000,-0.4999,40,5,2,0,2,0,0.0111,0.0300,0.0061,6,0.1000,0.6500,28,0,0
-0.5862,620.7342,-0.5819,-0.3618,-0.6000,-0.4999,40,5,2,0,2,0,0.0111,0.0300,0.0061,6,0.1000,0.6500,28,0,0
-0.5980,617.0192,-0.5939,-0.3618,-0.6000,-0.4999,40,5,2,0,2,0,0.0111,0.0300,0.0061,6,0.1000,0.6500,28,0,0
-0.5830,621.7375,-0.5822,-0.3618,-0.6000,-0.4999,40,5,2,0,2,0,0.0111,0.0300,0.0061,6,0.1000,0.6500,28,0,0
-0.5755,624.1031,-0.5822,-0.3921,-0.6000,-0.4999,40,5,2,0,3,0,0.0111,0.0300,0.0061,6,0.1000,0.6500,29,0,0
-0.5985,616.8811,-0.5911,-0.3921,-0.6000,-0.4999,40,5,2,0,3,0,0.0111,0.0300,0.0061,6,0.1000,0.6500,29,0,0
-0.5904,619.4039,-0.5918,-0.3921,-0.6000,-0.4999,40,5,2,0,3,0,0.0111,0.0300,0.0062,6,0.1000,0.6500,29,0,0
-0.3886,685.2296,-0.6011,-0.3921,-0.6000,-0.4999,40,5,2,0,3,1,0.0111,0.0300,0.0062,6,0.1000,0.6500,29,0,0
-0.5948,618.0296,-0.6028,-0.3921,-0.6000,-0.4999,40,5,2,0,3,0,0.0111,0.0300,0.0062,6,0.1000,0.6500,29,0,0
-0.6143,611.9217,-0.6094,-0.3921,-0.6000,-0.4999,40,5,2,0,3,0,0.0111,0.0300,0.0062,6,0.1000,0.6500,29,0,0
-0.6224,609.4069,-0.6131,-0.3921,-0.6000,-0.4999,40,5,2,0,3,0,0.0111,0.0300,0.0062,6,0.1000,0.6500,29,0,0
-0.6346,605.6386,-0.6339,-0.3921,-0.6000,-0.4999,40,5,2,0,3,0,0.0111,0.0300,0.0062,6,0.1000,0.6500,29,0,0
-0.6404,603.8564,-0.6339,-0.4184,-0.6000,-0.4999,40,5,2,0,3,0,0.0111,0.0300,0.0063,6,0.1000,0.6500,30,0,0
-0.6429,603.0569,-0.6355,-0.4184,-0.6000,-0.4999,40,5,2,0,3,0,0.0111,0.0300,0.0063,6,0.1000,0.6500,30,0,0
-0.6483,601.4019,-0.6397,-0.4184,-0.6000,-0.4999,40,5,2,0,3,0,0.0111,0.0300,0.0063,6,0.1000,0.6500,30,0,0
-0.4277,672.1016,-0.6503,-0.4184,-0.6000,-0.4999,40,5,2,0,3,1,0.0111,0.0300,0.0063,6,0.1000,0.6500,30,0,0
-0.6310,606.7605,-0.6398,-0.4184,-0.6000,-0.4999,40,5,2,0,3,0,0.0111,0.0300,0.0063,6,0.1000,0.6500,30,0,0
-0.6279,607.7027,-0.6268,-0.4184,-0.6000,-0.4999,40,5,2,0,3,0,0.0111,0.0300,0.0063,6,0.1000,0.6500,30,0,0
-0.6373,604.7952,-0.6343,-0.4184,-0.6000,-0.4999,40,5,2,0,3,0,0.0111,0.0300,0.0064,6,0.1000,0.6500,30,0,0
-0.6263,608.2106,-0.6342,-0.4184,-0.6000,-0.4999,40,5,2,0,3,0,0.0111,0.0300,0.0064,6,0.1000,0.6500,30,0,0
-0.6484,601.3894,-0.6342,-0.4315,-0.6000,-0.4999,40,5,2,0,4,0,0.0111,0.0300,0.0064,6,0.1000,0.6500,31,0,0
-0.6314,606.6369,-0.6292,-0.4315,-0.6000,-0.4999,40,5,2,0,4,0,0.0111,0.0300,0.0064,6,0.1000,0.6500,31,0,0
-0.6397,604.0427,-0.6286,-0.4315,-0.6000,-0.4999,40,5,2,0,4,0,0.0111,0.0300,0.0064,6,0.1000,0.6500,31,0,0
-0.6273,607.8809,-0.6250,-0.4315,-0.6000,-0.4999,40,5,2,0,4,0,0.0111,0.0300,0.0064,6,0.1000,0.6500,31,0,0
-0.4350,669.6696,-0.6093,-0.4315,-0.6000,-0.4999,40,5,2,0,4,1,0.0111,0.0300,0.0064,6,0.1000,0.6500,31,0,0
-0.6019,615.7878,-0.6124,-0.4315,-0.6000,-0.4999,40,5,2,0,4,0,0.0111,0.0300,0.0065,6,0.1000,0.6500,31,0,0
-0.6313,606.6533,-0.6145,-0.4315,-0.6000,-0.4999,40,5,2,0,4,0,0.0111,0.0300,0.0065,6,0.1000,0.6500,31,0,0
-0.6196,610.2925,-0.6205,-0.4315,-0.6000,-0.4999,40,5,2,0,4,0,0.0111,0.0300,0.0065,6,0.1000,0.6500,31,0,0
-0.6289,607.4066,-0.6205,-0.4879,-0.6000,-0.4999,40,5,2,0,2,0,0.0111,0.0300,0.0065,6,0.1000,0.6500,32,0,0
-0.6174,610.9785,-0.6130,-0.4879,-0.6000,-0.4999,40,5,2,0,2,0,0.0111,0.0300,0.0065,6,0.1000,0.6500,32,0,0
-0.4893,651.7739,-0.5958,-0.4879,-0.6000,-0.4999,40,5,2,0,2,1,0.0111,0.0300,0.0065,6,0.1000,0.6500,32,0,0
-0.6197,610.2423,-0.6138,-0.4879,-0.6000,-0.4999,40,5,2,0,2,0,0.0111,0.0300,0.0066,6,0.1000,0.6500,32,0,0
-0.6258,608.3618,-0.6352,-0.4879,-0.6000,-0.4999,40,5,2,0,2,0,0.0111,0.0300,0.0066,6,0.1000,0.6500,32,0,0
-0.6245,608.7519,-0.6323,-0.4879,-0.6000,-0.4999,40,5,2,0,2,0,0.0111,0.0300,0.0066,6,0.1000,0.6500,32,0,0
-0.6134,612.2164,-0.6142,-0.4879,-0.6000,-0.4999,40,5,2,0,2,0,0.0111,0.0300,0.0066,6,0.1000,0.6500,32,0,0
-0.6272,607.9155,-0.6189,-0.4879,-0.6000,-0.4999,40,5,2,0,2,0,0.0111,0.0300,0.0066,6,0.1000,0.6500,32,0,0
-0.6196,610.2814,-0.6189,-0.4903,-0.6000,-0.4999,40,5,2,0,4,0,0.0111,0.0300,0.0066,6,0.1000,0.6500,33,0,0
-0.6147,611.8144,-0.6174,-0.4903,-0.6000,-0.4999,40,5,2,0,4,0,0.0111,0.0300,0.0066,6,0.1000,0.6500,33,0,0
-0.6354,605.3976,-0.6333,-0.4903,-0.6000,-0.4999,40,5,2,0,4,0,0.0111,0.0300,0.0067,6,0.1000,0.6500,33,0,0
-0.6281,607.6370,-0.6273,-0.4903,-0.6000,-0.4999,40,5,2,0,4,0,0.0111,0.0300,0.0067,6,0.1000,0.6500,33,0,0
-0.4984,648.8055,-0.6210,-0.4903,-0.6000,-0.4999,40,5,2,0,4,1,0.0111,0.0300,0.0067,6,0.1000,0.6500,33,0,0
-0.6187,610.5574,-0.6227,-0.4903,-0.6000,-0.4999,40,5,2,0,4,0,0.0111,0.0300,0.0067,6,0.1000,0.6500,33,0,0
-0.6282,607.6108,-0.6312,-0.4903,-0.6000,-0.4999,40,5,2,0,4,0,0.0111,0.0300,0.0067,6,0.1000,0.6500,33,0,0
-0.6184,610.6498,-0.6285,-0.4903,-0.6000,-0.4999,40,5,2,0,4,0,0.0111,0.0300,0.0067,6,0.1000,0.6500,33,0,0
-0.6228,609.3004,-0.6285,-0.4362,-0.6000,-0.4999,40,5,2,2,,0,0.0111,0.0300,0.0068,6,0.1000,0.6500,34,0,0
-0.6362,605.1345,-0.6353,-0.4362,-0.6000,-0.4999,40,5,2,2,,0,0.0111,0.0300,0.0068,6,0.1000,0.6500,34,0,0
-0.6281,607.6353,-0.6336,-0.4362,-0.6000,-0.4999,40,5,2,2,,0,0.0111,0.0300,0.0068,6,0.1000,0.6500,34,0,0
-0.6349,605.5374,-0.6338,-0.4362,-0.6000,-0.4999,40,5,2,2,,0,0.0111,0.0300,0.0068,6,0.1000,0.6500,34,0,0
-0.6469,601.8288,-0.6405,-0.4362,-0.6000,-0.4999,40,5,2,2,,0,0.0111,0.0300,0.0068,6,0.1000,0.6500,34,0,0
-0.6361,605.1676,-0.6352,-0.4362,-0.6000,-0.4999,40,5,2,2,,0,0.0111,0.0300,0.0068,6,0.1000,0.6500,34,0,0
-0.6488,601.2421,-0.6547,-0.4362,-0.6000,-0.4999,40,5,2,2,,0,0.0111,0.0300,0.0069,6,0.1000,0.6500,34,0,0
-0.6597,597.9095,-0.6621,-0.4362,-0.6000,-0.4999,40,5,2,2,,0,0.0111,0.0300,0.0069,6,0.1000,0.6500,34,0,0
-0.6513,600.4945,-0.6621,-0.4495,-0.6000,-0.4999,40,5,2,1,4,0,0.0111,0.0300,0.0069,6,0.1000,0.6500,35,0,0
-0.6481,601.4670,-0.6539,-0.4495,-0.6000,-0.4999,40,5,2,1,4,0,0.0111,0.0300,0.0069,6,0.1000,0.6500,35,0,0
-0.6301,607.0113,-0.6322,-0.4495,-0.6000,-0.4999,40,5,2,1,4,0,0.0111,0.0300,0.0069,6,0.1000,0.6500,35,0,0
-0.6470,601.8224,-0.6455,-0.4495,-0.6000,-0.4999,40,5,2,1,4,0,0.0111,0.0300,0.0069,6,0.1000,0.6500,35,0,0
-0.4510,664.3536,-0.6427,-0.4495,-0.6000,-0.4999,40,5,2,1,4,1,0.0111,0.0300,0.0069,6,0.1000,0.6500,35,0,0
-0.6431,603.0197,-0.6478,-0.4495,-0.6000,-0.4999,40,5,2,1,4,0,0.0111,0.0300,0.0070,6,0.1000,0.6500,35,0,0
-0.6271,607.9442,-0.6266,-0.4495,-0.6000,-0.4999,40,5,2,1,4,0,0.0111,0.0300,0.0070,6,0.1000,0.6500,35,0,0
-0.6156,611.5225,-0.6117,-0.4495,-0.6000,-0.4999,40,5,2,1,4,0,0.0111,0.0300,0.0070,6,0.1000,0.6500,35,0,0
-0.6100,613.2761,-0.6117,-0.4907,-0.6000,-0.4999,40,5,2,1,5,0,0.0111,0.0300,0.0070,6,0.1000,0.6500,36,0,0
-0.5940,618.2917,-0.5908,-0.4907,-0.6000,-0.4999,40,5,2,1,5,0,0.0111,0.0300,0.0070,6,0.1000,0.6500,36,0,0
-0.6000,616.4067,-0.5830,-0.4907,-0.6000,-0.4999,40,5,2,1,5,0,0.0111,0.0300,0.0070,6,0.1000,0.6500,36,0,0
-0.6097,613.3712,-0.6121,-0.4907,-0.6000,-0.4999,40,5,2,1,5,0,0.0111,0.0300,0.0071,6,0.1000,0.6500,36,0,0
-0.6067,614.2902,-0.6087,-0.4907,-0.6000,-0.4999,40,5,2,1,5,0,0.0111,0.0300,0.0071,6,0.1000,0.6500,36,0,0
-0.4861,652.8253,-0.5864,-0.4907,-0.6000,-0.4999,40,5,2,1,5,1,0.0111,0.0300,0.0071,6,0.1000,0.6500,36,0,0
-0.5864,620.6740,-0.5869,-0.4907,-0.6000,-0.4999,40,5,2,1,5,0,0.0111,0.0300,0.0071,6,0.1000,0.6500,36,0,0
-0.5812,622.3109,-0.5951,-0.4907,-0.6000,-0.4999,40,5,2,1,5,0,0.0111,0.0300,0.0071,6,0.1000,0.6500,36,0,0
-0.5930,618.6040,-0.5951,-0.5383,-0.6000,-0.4999,40,5,2,1,6,0,0.0111,0.0300,0.0071,6,0.1000,0.6500,37,0,0
-0.5950,617.9546,-0.5952,-0.5383,-0.6000,-0.4999,40,5,2,1,6,0,0.0111,0.0300,0.0072,6,0.1000,0.6500,37,0,0
-0.5859,620.8168,-0.5872,-0.5383,-0.6000,-0.4999,40,5,2,1,6,0,0.0111,0.0300,0.0072,6,0.1000,0.6500,37,0,0
-0.5985,616.8509,-0.5899,-0.5383,-0.6000,-0.4999,40,5,2,1,6,0,0.0111,0.0300,0.0072,6,0.1000,0.6500,37,0,0
-0.5855,620.9367,-0.5911,-0.5383,-0.6000,-0.4999,40,5,2,1,6,0,0.0111,0.0300,0.0072,6,0.1000,0.6500,37,0,0
-0.5876,620.2790,-0.5841,-0.5383,-0.6000,-0.4999,40,5,2,1,6,0,0.0111,0.0300,0.0072,6,0.1000,0.6500,37,0,0
-0.5465,633.3169,-0.5970,-0.5383,-0.6000,-0.4999,40,5,2,1,6,1,0.0111,0.0300,0.0072,6,0.1000,0.6500,37,0,0
-0.5951,617.9250,-0.5890,-0.5383,-0.6000,-0.4999,40,5,2,1,6,0,0.0111,0.0300,0.0072,6,0.1000,0.6500,37,0,0
-0.5896,619.6686,-0.5890,-0.4992,-0.6000,-0.4999,40,5,2,1,4,0,0.0111,0.0300,0.0073,6,0.1000,0.6500,38,0,0
-0.5983,616.9203,-0.5913,-0.4992,-0.6000,-0.4999,40,5,2,1,4,0,0.0111,0.0300,0.0073,6,0.1000,0.6500,38,0,0
-0.5677,626.5824,-0.5742,-0.4992,-0.6000,-0.4999,40,5,2,1,4,0,0.0111,0.0300,0.0073,6,0.1000,0.6500,38,0,0
-0.5650,627.4262,-0.5590,-0.4992,-0.6000,-0.4999,40,5,2,1,4,0,0.0111,0.0300,0.0073,6,0.1000,0.6500,38,0,0
-0.4997,648.4040,-0.5625,-0.4992,-0.6000,-0.4999,40,5,2,1,4,1,0.0111,0.0300,0.0073,6,0.1000,0.6500,38,0,0
-0.5322,637.9028,-0.5348,-0.4992,-0.6000,-0.4999,40,5,2,1,4,0,0.0111,0.0300,0.0073,6,0.1000,0.6500,38,0,0
-0.5222,641.1213,-0.5346,-0.4992,-0.6000,-0.4999,40,5,2,1,4,0,0.0111,0.0300,0.0074,6,0.1000,0.6500,38,0,0
-0.5322,637.8839,-0.5342,-0.4992,-0.6000,-0.4999,40,5,2,1,4,0,0.0111,0.0300,0.0074,6,0.1000,0.6500,38,0,0
-0.5358,636.7232,-0.5342,-0.4989,-0.6000,-0.4999,40,5,2,1,5,0,0.0111,0.0300,0.0074,6,0.1000,0.6500,39,0,0
-0.5329,637.6640,-0.5303,-0.4989,-0.6000,-0.4999,40,5,2,1,5,0,0.0111,0.0300,0.0074,6,0.1000,0.6500,39,0,0
-0.5456,633.5955,-0.5314,-0.4989,-0.6000,-0.4999,40,5,2,1,5,0,0.0111,0.0300,0.0074,6,0.1000,0.6500,39,0,0
-0.5143,643.6503,-0.5110,-0.4989,-0.6000,-0.4999,40,5,2,1,5,0,0.0111,0.0300,0.0074,6,0.1000,0.6500,39,0,0
-0.5118,644.4640,-0.5287,-0.4989,-0.6000,-0.4999,40,5,2,1,5,0,0.0111,0.0300,0.0074,6,0.1000,0.6500,39,0,0
-0.5063,646.2587,-0.5553,-0.4989,-0.6000,-0.4999,40,5,2,1,5,1,0.0111,0.0300,0.0075,6,0.1000,0.6500,39,0,0
-0.5346,637.1297,-0.5434,-0.4989,-0.6000,-0.4999,40,5,2,1,5,0,0.0111,0.0300,0.0075,6,0.1000,0.6500,39,0,0
-0.5333,637.5267,-0.5456,-0.4989,-0.6000,-0.4999,40,5,2,1,5,0,0.0111,0.0300,0.0075,6,0.1000,0.6500,39,0,0
-0.5578,629.7198,-0.5456,-0.5357,-0.6000,-0.4999,40,5,2,0,4,0,0.0111,0.0300,0.0075,6,0.1000,0.6500,40,0,0
-0.5327,637.7315,-0.5353,-0.5357,-0.6000,-0.4999,40,5,2,0,4,0,0.0111,0.0300,0.0075,6,0.1000,0.6500,40,0,0
-0.5290,638.9099,-0.5370,-0.5357,-0.6000,-0.4999,40,5,2,0,4,0,0.0111,0.0300,0.0075,6,0.1000,0.6500,40,0,0
-0.5496,632.3119,-0.5444,-0.5357,-0.6000,-0.4999,40,5,2,0,4,0,0.0111,0.0300,0.0076,6,0.1000,0.6500,40,0,0
-0.5398,635.4608,-0.5517,-0.5357,-0.6000,-0.4999,40,5,2,0,4,1,0.0111,0.0300,0.0076,6,0.1000,0.6500,40,0,0
-0.5398,635.4441,-0.5416,-0.5357,-0.6000,-0.4999,40,5,2,0,4,0,0.0111,0.0300,0.0076,6,0.1000,0.6500,40,0,0
-0.5433,634.3331,-0.5442,-0.5357,-0.6000,-0.4999,40,5,2,0,4,0,0.0111,0.0300,0.0076,6,0.1000,0.6500,40,0,0
-0.5359,636.7025,-0.5487,-0.5357,-0.6000,-0.4999,40,5,2,0,4,0,0.0111,0.0300,0.0076,6,0.1000,0.6500,40,0,0
-0.5500,632.2075,-0.5487,-0.5248,-0.6000,-0.4999,40,5,2,0,3,0,0.0111,0.0300,0.0076,6,0.1000,0.6500,41,0,0
-0.5365,636.5216,-0.5500,-0.5248,-0.6000,-0.4999,40,5,2,0,3,0,0.0111,0.0300,0.0077,6,0.1000,0.6500,41,0,0
-0.5629,628.1021,-0.5609,-0.5248,-0.6000,-0.4999,40,5,2,0,3,0,0.0111,0.0300,0.0077,6,0.1000,0.6500,41,0,0
-0.5194,641.9950,-0.5640,-0.5248,-0.6000,-0.4999,40,5,2,0,3,1,0.0111,0.0300,0.0077,6,0.1000,0.6500,41,0,0
-0.5730,624.8863,-0.5524,-0.5248,-0.6000,-0.4999,40,5,2,0,3,0,0.0111,0.0300,0.0077,6,0.1000,0.6500,41,0,0
-0.5548,630.6821,-0.5610,-0.5248,-0.6000,-0.4999,40,5,2,0,3,0,0.0111,0.0300,0.0077,6,0.1000,0.6500,41,0,0
-0.5384,635.8895,-0.5498,-0.5248,-0.6000,-0.4999,40,5,2,0,3,0,0.0111,0.0300,0.0077,6,0.1000,0.6500,41,0,0
-0.5460,633.4589,-0.5426,-0.5248,-0.6000,-0.4999,40,5,2,0,3,0,0.0111,0.0300,0.0077,6,0.1000,0.6500,41,0,0
-0.5397,635.4910,-0.5426,-0.5337,-0.6000,-0.4999,40,5,2,0,4,0,0.0111,0.0300,0.0078,6,0.1000,0.6500,42,0,0
-0.5693,626.0688,-0.5562,-0.5337,-0.6000,-0.4999,40,5,2,0,4,0,0.0111,0.0300,0.0078,6,0.1000,0.6500,42,0,0
-0.5705,625.6895,-0.5674,-0.5337,-0.6000,-0.4999,40,5,2,0,4,0,0.0111,0.0300,0.0078,6,0.1000,0.6500,42,0,0
-0.5675,626.6339,-0.5663,-0.5337,-0.6000,-0.4999,40,5,2,0,4,0,0.0111,0.0300,0.0078,6,0.1000,0.6500,42,0,0
-0.5214,641.3655,-0.5752,-0.5337,-0.6000,-0.4999,40,5,2,0,4,1,0.0111,0.0300,0.0078,6,0.1000,0.6500,42,0,0
-0.5599,629.0338,-0.5622,-0.5337,-0.6000,-0.4999,40,5,2,0,4,0,0.0111,0.0300,0.0078,6,0.1000,0.6500,42,0,0
-0.5477,632.9212,-0.5486,-0.5337,-0.6000,-0.4999,40,5,2,0,4,0,0.0111,0.0300,0.0079,6,0.1000,0.6500,42,0,0
-0.5313,638.1958,-0.5299,-0.5337,-0.6000,-0.4999,40,5,2,0,4,0,0.0111,0.0300,0.0079,6,0.1000,0.6500,42,0,0
-0.5409,635.0990,-0.5299,-0.5127,-0.6000,-0.4999,40,5,2,0,2,0,0.0111,0.0300,0.0079,6,0.1000,0.6500,43,0,0
-0.5285,639.0949,-0.5299,-0.5127,-0.6000,-0.4999,40,5,2,0,2,0,0.0111,0.0300,0.0079,6,0.1000,0.6500,43,0,0
-0.5169,642.8290,-0.5344,-0.5127,-0.6000,-0.4999,40,5,2,0,2,1,0.0111,0.0300,0.0079,6,0.1000,0.6500,43,0,0
-0.5242,640.4624,-0.5186,-0.5127,-0.6000,-0.4999,40,5,2,0,2,0,0.0111,0.0300,0.0079,6,0.1000,0.6500,43,0,0
-0.5215,641.3488,-0.5170,-0.5127,-0.6000,-0.4999,40,5,2,0,2,0,0.0111,0.0300,0.0079,6,0.1000,0.6500,43,0,0
-0.5167,642.8764,-0.5075,-0.5127,-0.6000,-0.4999,40,5,2,0,2,0,0.0111,0.0300,0.0080,6,0.1000,0.6500,43,0,0
-0.5168,642.8605,-0.5184,-0.5127,-0.6000,-0.4999,40,5,2,0,2,0,0.0111,0.0300,0.0080,6,0.1000,0.6500,43,0,0
-0.5036,647.1158,-0.4964,-0.5127,-0.6000,-0.4999,40,5,2,0,2,0,0.0111,0.0300,0.0080,6,0.1000,0.6500,43,0,0
-0.4991,648.5826,-0.4964,-0.5080,-0.6000,-0.4999,40,5,2,0,3,0,0.0111,0.0300,0.0080,6,0.1000,0.6500,44,0,0
-0.4915,651.0407,-0.4900,-0.5080,-0.6000,-0.4999,40,5,2,0,3,0,0.0111,0.0300,0.0080,6,0.1000,0.6500,44,0,0
-0.4883,652.1032,-0.4892,-0.5080,-0.6000,-0.4999,40,5,2,0,3,0,0.0111,0.0300,0.0080,6,0.1000,0.6500,44,0,0
-0.5131,644.0306,-0.4816,-0.5080,-0.6000,-0.4999,40,5,2,0,3,1,0.0111,0.0300,0.0081,6,0.1000,0.6500,44,0,0
-0.4779,655.5088,-0.4831,-0.5080,-0.6000,-0.4999,40,5,2,0,3,0,0.0111,0.0300,0.0081,6,0.1000,0.6500,44,0,0
-0.4847,653.2819,-0.4903,-0.5080,-0.6000,-0.4999,40,5,2,0,3,0,0.0111,0.0300,0.0081,6,0.1000,0.6500,44,0,0
-0.4794,655.0237,-0.4914,-0.5080,-0.6000,-0.4999,40,5,2,0,3,0,0.0111,0.0300,0.0081,6,0.1000,0.6500,44,0,0
-0.4772,655.7146,-0.4773,-0.5080,-0.6000,-0.4999,40,5,2,0,3,0,0.0111,0.0300,0.0081,6,0.1000,0.6500,44,0,0
-0.4751,656.4317,-0.4773,-0.5229,-0.6000,-0.4999,40,5,2,0,2,0,0.0111,0.0300,0.0081,6,0.1000,0.6500,45,0,0
-0.4821,654.1134,-0.4864,-0.5229,-0.6000,-0.4999,40,5,2,0,2,0,0.0111,0.0300,0.0082,6,0.1000,0.6500,45,0,0
-0.5182,642.3835,-0.4758,-0.5229,-0.6000,-0.4999,40,5,2,0,2,1,0.0111,0.0300,0.0082,6,0.1000,0.6500,45,0,0
-0.4936,650.3833,-0.4903,-0.5229,-0.6000,-0.4999,40,5,2,0,2,0,0.0111,0.0300,0.0082,6,0.1000,0.6500,45,0,0
-0.4908,651.2943,-0.4848,-0.5229,-0.6000,-0.4999,40,5,2,0,2,0,0.0111,0.0300,0.0082,6,0.1000,0.6500,45,0,0
-0.4894,651.7297,-0.4914,-0.5229,-0.6000,-0.4999,40,5,2,0,2,0,0.0111,0.0300,0.0082,6,0.1000,0.6500,45,0,0
-0.4933,650.4544,-0.4982,-0.5229,-0.6000,-0.4999,40,5,2,0,2,0,0.0111,0.0300,0.0082,6,0.1000,0.6500,45,0,0
-0.5093,645.2657,-0.5128,-0.5229,-0.6000,-0.4999,40,5,2,0,2,0,0.0111,0.0300,0.0082,6,0.1000,0.6500,45,0,0
-0.5129,644.1100,-0.5128,-0.5139,-0.6000,-0.4999,40,5,2,0,3,0,0.0111,0.0300,0.0083,6,0.1000,0.6500,46,0,0
-0.5115,644.5765,-0.5154,-0.5139,-0.6000,-0.4999,40,5,2,0,3,0,0.0111,0.0300,0.0083,6,0.1000,0.6500,46,0,0
-0.5251,640.1626,-0.5345,-0.5139,-0.6000,-0.4999,40,5,2,0,3,0,0.0111,0.0300,0.0083,6,0.1000,0.6500,46,0,0
-0.5018,647.7173,-0.5381,-0.5139,-0.6000,-0.4999,40,5,2,0,3,1,0.0111,0.0300,0.0083,6,0.1000,0.6500,46,0,0
-0.5548,630.6794,-0.5623,-0.5139,-0.6000,-0.4999,40,5,2,0,3,0,0.0111,0.0300,0.0083,6,0.1000,0.6500,46,0,0
-0.5526,631.3570,-0.5608,-0.5139,-0.6000,-0.4999,40,5,2,0,3,0,0.0111,0.0300,0.0083,6,0.1000,0.6500,46,0,0
-0.5399,635.4386,-0.5541,-0.5139,-0.6000,-0.4999,40,5,2,0,3,0,0.0111,0.0300,0.0084,6,0.1000,0.6500,46,0,0
-0.5388,635.7670,-0.5444,-0.5139,-0.6000,-0.4999,40,5,2,0,3,0,0.0111,0.0300,0.0084,6,0.1000,0.6500,46,0,0
-0.5405,635.2208,-0.5444,-0.5118,-0.6000,-0.4999,40,5,2,0,3,0,0.0111,0.0300,0.0084,6,0.1000,0.6500,47,0,0
-0.5592,629.2524,-0.5456,-0.5118,-0.6000,-0.4999,40,5,2,0,3,0,0.0111,0.0300,0.0084,6,0.1000,0.6500,47,0,0
-0.5301,638.5782,-0.5278,-0.5118,-0.6000,-0.4999,40,5,2,0,3,0,0.0111,0.0300,0.0084,6,0.1000,0.6500,47,0,0
-0.5129,644.1085,-0.5090,-0.5118,-0.6000,-0.4999,40,5,2,0,3,1,0.0111,0.0300,0.0084,6,0.1000,0.6500,47,0,0
-0.4917,651.0011,-0.4955,-0.5118,-0.6000,-0.4999,40,5,2,0,3,0,0.0111,0.0300,0.0084,6,0.1000,0.6500,47,0,0
-0.4879,652.2217,-0.5032,-0.5118,-0.6000,-0.4999,40,5,2,0,3,0,0.0111,0.0300,0.0085,6,0.1000,0.6500,47,0,0
-0.5092,645.3030,-0.5013,-0.5118,-0.6000,-0.4999,40,5,2,0,3,0,0.0111,0.0300,0.0085,6,0.1000,0.6500,47,0,0
-0.5084,645.5657,-0.5170,-0.5118,-0.6000,-0.4999,40,5,2,0,3,0,0.0111,0.0300,0.0085,6,0.1000,0.6500,47,0,0
-0.4988,648.6919,-0.5170,-0.5050,-0.6000,-0.4999,40,5,2,2,,0,0.0111,0.0300,0.0085,6,0.1000,0.6500,48,0,0
-0.5285,639.0704,-0.5266,-0.5050,-0.6000,-0.4999,40,5,2,2,,0,0.0111,0.0300,0.0085,6,0.1000,0.6500,48,0,0
-0.5147,643.5364,-0.5070,-0.5050,-0.6000,-0.4999,40,5,2,2,,0,0.0111,0.0300,0.0085,6,0.1000,0.6500,48,0,0
-0.5372,636.2817,-0.5217,-0.5050,-0.6000,-0.4999,40,5,2,2,,0,0.0111,0.0300,0.0086,6,0.1000,0.6500,48,0,0
-0.5352,636.9311,-0.5264,-0.5050,-0.6000,-0.4999,40,5,2,2,,0,0.0111,0.0300,0.0086,6,0.1000,0.6500,48,0,0
-0.5253,640.1146,-0.5127,-0.5050,-0.6000,-0.4999,40,5,2,2,,0,0.0111,0.0300,0.0086,6,0.1000,0.6500,48,0,0
-0.5123,644.2954,-0.4961,-0.5050,-0.6000,-0.4999,40,5,2,2,,0,0.0111,0.0300,0.0086,6,0.1000,0.6500,48,0,0
-0.4913,651.1076,-0.4984,-0.5050,-0.6000,-0.4999,40,5,2,2,,0,0.0111,0.0300,0.0086,6,0.1000,0.6500,48,0,0
-0.4938,650.2935,-0.4984,-0.5291,-0.6000,-0.4999,40,5,2,1,4,0,0.0111,0.0300,0.0086,6,0.1000,0.6500,49,0,0
-0.4955,649.7648,-0.4939,-0.5291,-0.6000,-0.4999,40,5,2,1,4,0,0.0111,0.0300,0.0087,6,0.1000,0.6500,49,0,0
-0.5113,644.6285,-0.5092,-0.5291,-0.6000,-0.4999,40,5,2,1,4,0,0.0111,0.0300,0.0087,6,0.1000,0.6500,49,0,0
-0.5085,645.5195,-0.5124,-0.5291,-0.6000,-0.4999,40,5,2,1,4,0,0.0111,0.0300,0.0087,6,0.1000,0.6500,49,0,0
-0.5303,638.5004,-0.5110,-0.5291,-0.6000,-0.4999,40,5,2,1,4,1,0.0111,0.0300,0.0087,6,0.1000,0.6500,49,0,0
-0.4926,650.6877,-0.4964,-0.5291,-0.6000,-0.4999,40,5,2,1,4,0,0.0111,0.0300,0.0087,6,0.1000,0.6500,49,0,0
-0.4887,651.9827,-0.4882,-0.5291,-0.6000,-0.4999,40,5,2,1,4,0,0.0111,0.0300,0.0087,6,0.1000,0.6500,49,0,0
-0.4988,648.6862,-0.4924,-0.5291,-0.6000,-0.4999,40,5,2,1,4,0,0.0111,0.0300,0.0087,6,0.1000,0.6500,49,0,0
-0.4853,653.0751,-0.4924,-0.5588,-0.6000,-0.4999,40,5,2,1,6,0,0.0111,0.0300,0.0088,6,0.1000,0.6500,50,0,0
-0.4862,652.7853,-0.4967,-0.5588,-0.6000,-0.4999,40,5,2,1,6,0,0.0111,0.0300,0.0088,6,0.1000,0.6500,50,0,0
-0.5031,647.2711,-0.5095,-0.5588,-0.6000,-0.4999,40,5,2,1,6,0,0.0111,0.0300,0.0088,6,0.1000,0.6500,50,0,0
-0.5033,647.2299,-0.5048,-0.5588,-0.6000,-0.4999,40,5,2,1,6,0,0.0111,0.0300,0.0088,6,0.1000,0.6500,50,0,0
-0.5213,641.4107,-0.5197,-0.5588,-0.6000,-0.4999,40,5,2,1,6,0,0.0111,0.0300,0.0088,6,0.1000,0.6500,50,0,0
-0.5385,635.8740,-0.5303,-0.5588,-0.6000,-0.4999,40,5,2,1,6,0,0.0111,0.0300,0.0088,6,0.1000,0.6500,50,0,0
-0.5527,631.3194,-0.5176,-0.5588,-0.6000,-0.4999,40,5,2,1,6,1,0.0111,0.0300,0.0089,6,0.1000,0.6500,50,0,0
-0.5192,642.0764,-0.5223,-0.5588,-0.6000,-0.4999,40,5,2,1,6,0,0.0111,0.0300,0.0089,6,0.1000,0.6500,50,0,0
-0.5205,641.6566,-0.5223,-0.5554,-0.6000,-0.4999,40,5,2,1,4,0,0.0111,0.0300,0.0089,6,0.1000,0.6500,51,0,0
-0.5392,635.6330,-0.5264,-0.5554,-0.6000,-0.4999,40,5,2,1,4,0,0.0111,0.0300,0.0089,6,0.1000,0.6500,51,0,0
-0.5503,632.1101,-0.5369,-0.5554,-0.6000,-0.4999,40,5,2,1,4,0,0.0111,0.0300,0.0089,6,0.1000,0.6500,51,0,0
-0.5520,631.5533,-0.5472,-0.5554,-0.6000,-0.4999,40,5,2,1,4,0,0.0111,0.0300,0.0089,6,0.1000,0.6500,51,0,0
-0.5477,632.9326,-0.5512,-0.5554,-0.6000,-0.4999,40,5,2,1,4,1,0.0111,0.0300,0.0090,6,0.1000,0.6500,51,0,0
-0.5591,629.2881,-0.5590,-0.5554,-0.6000,-0.4999,40,5,2,1,4,0,0.0111,0.0300,0.0090,6,0.1000,0.6500,51,0,0
-0.5745,624.4123,-0.5646,-0.5554,-0.6000,-0.4999,40,5,2,1,4,0,0.0111,0.0300,0.0090,6,0.1000,0.6500,51,0,0
-0.5744,624.4595,-0.5700,-0.5554,-0.6000,-0.4999,40,5,2,1,4,0,0.0111,0.0300,0.0090,6,0.1000,0.6500,51,0,0
-0.5790,622.9956,-0.5700,-0.5615,-0.6000,-0.4999,40,5,2,1,6,0,0.0111,0.0300,0.0090,6,0.1000,0.6500,52,0,0
-0.5474,633.0178,-0.5433,-0.5615,-0.6000,-0.4999,40,5,2,1,6,0,0.0111,0.0300,0.0090,6,0.1000,0.6500,52,0,0
-0.5284,639.0994,-0.5327,-0.5615,-0.6000,-0.4999,40,5,2,1,6,0,0.0111,0.0300,0.0090,6,0.1000,0.6500,52,0,0
-0.5484,632.7002,-0.5420,-0.5615,-0.6000,-0.4999,40,5,2,1,6,0,0.0111,0.0300,0.0091,6,0.1000,0.6500,52,0,0
-0.5506,632.0137,-0.5555,-0.5615,-0.6000,-0.4999,40,5,2,1,6,0,0.0111,0.0300,0.0091,6,0.1000,0.6500,52,0,0
-0.5835,621.5916,-0.5790,-0.5615,-0.6000,-0.4999,40,5,2,1,6,0,0.0111,0.0300,0.0091,6,0.1000,0.6500,52,0,0
-0.5811,622.3395,-0.5791,-0.5615,-0.6000,-0.4999,40,5,2,1,6,1,0.0111,0.0300,0.0091,6,0.1000,0.6500,52,0,0
-0.5666,626.9321,-0.5652,-0.5615,-0.6000,-0.4999,40,5,2,1,6,0,0.0111,0.0300,0.0091,6,0.1000,0.6500,52,0,0
-0.5707,625.6058,-0.5652,-0.5192,-0.6000,-0.4999,40,5,2,1,4,0,0.0111,0.0300,0.0091,6,0.1000,0.6500,53,0,0
-0.5445,633.9385,-0.5489,-0.5192,-0.6000,-0.4999,40,5,2,1,4,0,0.0111,0.0300,0.0092,6,0.1000,0.6500,53,0,0
-0.5393,635.6236,-0.5420,-0.5192,-0.6000,-0.4999,40,5,2,1,4,0,0.0111,0.0300,0.0092,6,0.1000,0.6500,53,0,0
-0.5143,643.6621,-0.5342,-0.5192,-0.6000,-0.4999,40,5,2,1,4,0,0.0111,0.0300,0.0092,6,0.1000,0.6500,53,0,0
-0.5215,641.3339,-0.5345,-0.5192,-0.6000,-0.4999,40,5,2,1,4,1,0.0111,0.0300,0.0092,6,0.1000,0.6500,53,0,0
-0.5388,635.7902,-0.5269,-0.5192,-0.6000,-0.4999,40,5,2,1,4,0,0.0111,0.0300,0.0092,6,0.1000,0.6500,53,0,0
-0.5138,643.8330,-0.5200,-0.5192,-0.6000,-0.4999,40,5,2,1,4,0,0.0111,0.0300,0.0092,6,0.1000,0.6500,53,0,0
-0.5293,638.8137,-0.5240,-0.5192,-0.6000,-0.4999,40,5,2,1,4,0,0.0111,0.0300,0.0092,6,0.1000,0.6500,53,0,0
-0.5131,644.0339,-0.5240,-0.5656,-0.6000,-0.4999,40,5,2,1,4,0,0.0111,0.0300,0.0093,6,0.1000,0.6500,54,0,0
-0.5373,636.2441,-0.5293,-0.5656,-0.6000,-0.4999,40,5,2,1,4,0,0.0111,0.0300,0.0093,6,0.1000,0.6500,54,0,0
-0.5170,642.7914,-0.5227,-0.5656,-0.6000,-0.4999,40,5,2,1,4,0,0.0111,0.0300,0.0093,6,0.1000,0.6500,54,0,0
-0.5195,641.9826,-0.5252,-0.5656,-0.6000,-0.4999,40,5,2,1,4,0,0.0111,0.0300,0.0093,6,0.1000,0.6500,54,0,0
-0.5577,629.7453,-0.5396,-0.5656,-0.6000,-0.4999,40,5,2,1,4,1,0.0111,0.0300,0.0093,6,0.1000,0.6500,54,0,0
-0.5208,641.5480,-0.5274,-0.5656,-0.6000,-0.4999,40,5,2,1,4,0,0.0111,0.0300,0.0093,6,0.1000,0.6500,54,0,0
-0.5402,635.3220,-0.5456,-0.5656,-0.6000,-0.4999,40,5,2,1,4,0,0.0111,0.0300,0.0094,6,0.1000,0.6500,54,0,0
-0.5502,632.1278,-0.5439,-0.5656,-0.6000,-0.4999,40,5,2,1,4,0,0.0111,0.0300,0.0094,6,0.1000,0.6500,54,0,0
-0.5432,634.3544,-0.5439,-0.5568,-0.6000,-0.4999,40,5,2,1,6,0,0.0111,0.0300,0.0094,6,0.1000,0.6500,55,0,0
-0.5636,627.8670,-0.5462,-0.5568,-0.6000,-0.4999,40,5,2,1,6,0,0.0111,0.0300,0.0094,6,0.1000,0.6500,55,0,0
-0.5533,631.1593,-0.5512,-0.5568,-0.6000,-0.4999,40,5,2,1,6,0,0.0111,0.0300,0.0094,6,0.1000,0.6500,55,0,0
-0.5408,635.1306,-0.5453,-0.5568,-0.6000,-0.4999,40,5,2,1,6,0,0.0111,0.0300,0.0094,6,0.1000,0.6500,55,0,0
-0.5510,631.8820,-0.5550,-0.5568,-0.6000,-0.4999,40,5,2,1,6,0,0.0111,0.0300,0.0095,6,0.1000,0.6500,55,0,0
-0.5531,631.2013,-0.5579,-0.5568,-0.6000,-0.4999,40,5,2,1,6,0,0.0111,0.0300,0.0095,6,0.1000,0.6500,55,0,0
-0.5524,631.4428,-0.5447,-0.5568,-0.6000,-0.4999,40,5,2,1,6,1,0.0111,0.0300,0.0095,6,0.1000,0.6500,55,0,0
-0.5522,631.4790,-0.5536,-0.5568,-0.6000,-0.4999,40,5,2,1,6,0,0.0111,0.0300,0.0095,6,0.1000,0.6500,55,0,0
-0.5593,629.2423,-0.5536,-0.5197,-0.6000,-0.4999,40,5,2,1,5,0,0.0111,0.0300,0.0095,6,0.1000,0.6500,56,0,0
-0.5285,639.0751,-0.5338,-0.5197,-0.6000,-0.4999,40,5,2,1,5,0,0.0111,0.0300,0.0095,6,0.1000,0.6500,56,0,0
-0.5556,630.4128,-0.5541,-0.5197,-0.6000,-0.4999,40,5,2,1,5,0,0.0111,0.0300,0.0095,6,0.1000,0.6500,56,0,0
-0.5508,631.9525,-0.5587,-0.5197,-0.6000,-0.4999,40,5,2,1,5,0,0.0111,0.0300,0.0096,6,0.1000,0.6500,56,0,0
-0.5710,625.5268,-0.5612,-0.5197,-0.6000,-0.4999,40,5,2,1,5,0,0.0111,0.0300,0.0096,6,0.1000,0.6500,56,0,0
-0.5193,642.0307,-0.5588,-0.5197,-0.6000,-0.4999,40,5,2,1,5,1,0.0111,0.0300,0.0096,6,0.1000,0.6500,56,0,0
-0.5451,633.7491,-0.5405,-0.5197,-0.6000,-0.4999,40,5,2,1,5,0,0.0111,0.0300,0.0096,6,0.1000,0.6500,56,0,0
-0.5168,642.8592,-0.5238,-0.5197,-0.6000,-0.4999,40,5,2,1,5,0,0.0111,0.0300,0.0096,6,0.1000,0.6500,56,0,0
-0.5255,640.0473,-0.5238,-0.4913,-0.6000,-0.4999,40,5,2,1,6,0,0.0111,0.0300,0.0096,6,0.1000,0.6500,57,0,0
-0.5357,636.7561,-0.5333,-0.4913,-0.6000,-0.4999,40,5,2,1,6,0,0.0111,0.0300,0.0097,6,0.1000,0.6500,57,0,0
-0.5229,640.8963,-0.5193,-0.4913,-0.6000,-0.4999,40,5,2,1,6,0,0.0111,0.0300,0.0097,6,0.1000,0.6500,57,0,0
-0.5126,644.2129,-0.5163,-0.4913,-0.6000,-0.4999,40,5,2,1,6,0,0.0111,0.0300,0.0097,6,0.1000,0.6500,57,0,0
-0.5299,638.6335,-0.5213,-0.4913,-0.6000,-0.4999,40,5,2,1,6,0,0.0111,0.0300,0.0097,6,0.1000,0.6500,57,0,0
-0.5242,640.4780,-0.5202,-0.4913,-0.6000,-0.4999,40,5,2,1,6,0,0.0111,0.0300,0.0097,6,0.1000,0.6500,57,0,0
-0.4956,649.7260,-0.5211,-0.4913,-0.6000,-0.4999,40,5,2,1,6,1,0.0111,0.0300,0.0097,6,0.1000,0.6500,57,0,0
-0.5273,639.4664,-0.5326,-0.4913,-0.6000,-0.4999,40,5,2,1,6,0,0.0111,0.0300,0.0097,6,0.1000,0.6500,57,0,0
-0.5509,631.9071,-0.5326,-0.4887,-0.6000,-0.4999,40,5,2,2,,0,0.0111,0.0300,0.0098,6,0.1000,0.6500,58,0,0
-0.5101,645.0074,-0.5129,-0.4887,-0.6000,-0.4999,40,5,2,2,,0,0.0111,0.0300,0.0098,6,0.1000,0.6500,58,0,0
-0.5359,636.7058,-0.5198,-0.4887,-0.6000,-0.4999,40,5,2,2,,0,0.0111,0.0300,0.0098,6,0.1000,0.6500,58,0,0
-0.5215,641.3425,-0.5322,-0.4887,-0.6000,-0.4999,40,5,2,2,,0,0.0111,0.0300,0.0098,6,0.1000,0.6500,58,0,0
-0.5142,643.6912,-0.5336,-0.4887,-0.6000,-0.4999,40,5,2,2,,0,0.0111,0.0300,0.0098,6,0.1000,0.6500,58,0,0
-0.5486,632.6399,-0.5564,-0.4887,-0.6000,-0.4999,40,5,2,2,,0,0.0111,0.0300,0.0098,6,0.1000,0.6500,58,0,0
-0.5530,631.2280,-0.5459,-0.4887,-0.6000,-0.4999,40,5,2,2,,0,0.0111,0.0300,0.0099,6,0.1000,0.6500,58,0,0
-0.5614,628.5785,-0.5564,-0.4887,-0.6000,-0.4999,40,5,2,2,,0,0.0111,0.0300,0.0099,6,0.1000,0.6500,58,0,0
-0.5529,631.2790,-0.5564,-0.5019,-0.6000,-0.4999,40,5,2,1,6,0,0.0111,0.0300,0.0099,6,0.1000,0.6500,59,0,0
-0.5257,639.9728,-0.5423,-0.5019,-0.6000,-0.4999,40,5,2,1,6,0,0.0111,0.0300,0.0099,6,0.1000,0.6500,59,0,0
-0.5694,626.0339,-0.5620,-0.5019,-0.6000,-0.4999,40,5,2,1,6,0,0.0111,0.0300,0.0099,6,0.1000,0.6500,59,0,0
-0.5671,626.7520,-0.5735,-0.5019,-0.6000,-0.4999,40,5,2,1,6,0,0.0111,0.0300,0.0099,6,0.1000,0.6500,59,0,0
-0.5865,620.6305,-0.5746,-0.5019,-0.6000,-0.4999,40,5,2,1,6,0,0.0111,0.0300,0.0100,6,0.1000,0.6500,59,0,0
-0.5830,621.7398,-0.5709,-0.5019,-0.6000,-0.4999,40,5,2,1,6,0,0.0111,0.0300,0.0100,6,0.1000,0.6500,59,0,0
-0.5052,646.5975,-0.5614,-0.5019,-0.6000,-0.4999,40,5,2,1,6,1,0.0111,0.0300,0.0100,6,0.1000,0.6500,59,0,0
-0.5431,634.4047,-0.5486,-0.5019,-0.6000,-0.4999,40,5,2,1,6,0,0.0111,0.0300,0.0100,6,0.1000,0.6500,59,0,0
